catchment_id,LWin,SWin,Tair_C,RH,wind_ms,TP_mmhr,Sf_mmhr,Rf_mmhr,Tsurf,LWout,LWnet,SWnet,Rnet_Wm2,Rnet_MJm2hr,PET_mm_hr_penman,delta,PET_mm_hr_priestly,Prain,Psnow,SWE,Msnow,Total,Rech,Eac,SM,Qg,Q0,Q1,Q2,STZ,SUZ,SLZ,q_sim,WB,TP_mm,annual_precip_mm,annual_water_budget_mm,year
0,310.360,295.408,24.034,25.248,3.465,0.017,0.000,0.017,12.333,354.353,-43.993,239.281,195.287,0.703,0.356,0.187,0.265,0.225,0.000,0.000,0.000,0.225,0.002,0.228,0.474,0.004,0.000,0.000,0.004,0.002,0.002,0.416,0.003,-0.003,0.396,144.687,60.318,2001.500
1,342.982,291.186,28.075,29.468,3.705,0.009,0.000,0.009,-37.143,383.328,-40.346,235.861,195.515,0.704,0.395,0.225,0.279,0.201,0.000,0.000,0.000,0.201,0.002,0.203,0.428,0.004,0.000,0.000,0.004,0.002,0.002,0.386,0.003,-0.003,0.210,76.760,1.354,2001.500
2,340.153,290.936,27.269,29.875,3.657,0.012,0.000,0.012,18.737,379.160,-39.006,235.658,196.652,0.708,0.388,0.217,0.278,0.207,0.000,0.000,0.000,0.207,0.004,0.211,0.490,0.006,0.000,0.001,0.005,0.004,0.007,0.511,0.005,-0.005,0.287,104.577,25.614,2001.500
3,338.197,287.663,27.391,28.776,3.441,0.012,0.000,0.012,18.441,377.673,-39.476,233.007,193.531,0.697,0.379,0.219,0.274,0.457,0.000,0.000,0.000,0.457,0.029,0.451,1.217,0.031,0.004,0.015,0.012,0.029,0.067,1.198,0.031,0.006,0.287,104.820,-71.029,2001.500
4,318.187,288.688,25.193,25.257,3.160,0.017,0.000,0.017,15.157,361.077,-42.890,233.837,190.948,0.687,0.353,0.198,0.263,0.203,0.000,0.000,0.000,0.203,0.007,0.227,0.640,0.014,0.001,0.004,0.009,0.006,0.018,0.919,0.014,-0.024,0.412,150.549,62.688,2001.500
5,338.979,289.523,27.177,29.292,3.528,0.013,0.000,0.013,18.609,378.543,-39.565,234.514,194.949,0.702,0.382,0.217,0.275,0.413,0.000,0.000,0.000,0.413,0.010,0.413,0.911,0.011,0.000,0.003,0.007,0.010,0.017,0.734,0.010,-0.000,0.305,111.237,-43.091,2001.500
6,342.727,291.040,27.982,29.765,3.737,0.009,0.000,0.009,-48.143,383.199,-40.472,235.743,195.270,0.703,0.394,0.224,0.278,0.129,0.000,0.000,0.000,0.129,0.001,0.133,0.275,0.003,0.000,0.000,0.003,0.001,0.001,0.294,0.001,-0.005,0.216,78.766,29.519,2001.500
7,341.527,290.904,27.609,29.918,3.678,0.011,0.000,0.011,18.911,380.002,-38.475,235.632,197.157,0.710,0.391,0.221,0.280,0.285,0.000,0.000,0.000,0.285,0.007,0.290,0.699,0.009,0.000,0.002,0.007,0.007,0.013,0.664,0.008,-0.005,0.253,92.317,-16.789,2001.500
8,341.299,290.883,27.536,29.914,3.661,0.011,0.000,0.011,18.897,379.947,-38.648,235.616,196.967,0.709,0.390,0.220,0.279,0.207,0.000,0.000,0.000,0.207,0.004,0.211,0.490,0.006,0.000,0.001,0.005,0.004,0.007,0.511,0.005,-0.005,0.260,94.818,15.855,2001.500
9,341.009,290.790,27.590,30.342,3.856,0.010,0.000,0.010,10.750,379.320,-38.311,235.540,197.229,0.710,0.395,0.220,0.280,0.141,0.000,0.000,0.000,0.141,0.001,0.146,0.294,0.003,0.000,0.000,0.003,0.001,0.001,0.294,0.002,-0.005,0.233,84.958,31.023,2001.500
10,337.072,290.693,26.960,29.889,3.677,0.018,0.000,0.018,17.931,375.037,-37.965,235.461,197.497,0.711,0.384,0.215,0.278,0.592,0.000,0.000,0.000,0.592,0.021,0.595,1.578,0.021,0.000,0.008,0.012,0.021,0.042,1.201,0.020,-0.003,0.427,155.880,-68.587,2001.500
11,338.444,290.957,26.883,29.944,3.681,0.013,0.000,0.013,18.471,377.835,-39.391,235.675,196.284,0.707,0.385,0.214,0.276,0.195,0.000,0.000,0.000,0.195,0.002,0.199,0.438,0.004,0.000,0.000,0.003,0.002,0.003,0.328,0.002,-0.004,0.322,117.544,43.846,2001.500
12,317.364,286.345,24.163,27.551,3.285,0.021,0.000,0.021,14.853,359.968,-42.604,231.940,189.336,0.682,0.344,0.190,0.257,0.662,0.005,0.034,0.010,0.672,0.035,0.696,2.334,0.043,0.001,0.016,0.026,0.035,0.075,2.543,0.043,-0.034,0.514,187.440,-82.224,2001.500
13,334.466,289.083,26.681,28.281,3.343,0.015,0.000,0.015,17.905,375.032,-40.567,234.158,193.591,0.697,0.372,0.212,0.272,0.597,0.000,0.000,0.000,0.597,0.024,0.591,1.387,0.025,0.001,0.011,0.012,0.025,0.054,1.206,0.024,0.006,0.365,133.280,-91.270,2001.500
14,335.375,290.863,26.303,30.008,3.737,0.015,0.000,0.015,18.005,375.517,-40.142,235.599,195.457,0.704,0.382,0.208,0.273,0.285,0.000,0.000,0.000,0.285,0.014,0.294,0.845,0.018,0.003,0.006,0.009,0.013,0.028,0.914,0.018,-0.009,0.369,134.619,20.891,2001.500
15,335.711,290.886,26.359,29.975,3.723,0.015,0.000,0.015,18.051,375.743,-40.032,235.618,195.585,0.704,0.382,0.209,0.273,0.285,0.000,0.000,0.000,0.285,0.014,0.294,0.845,0.018,0.003,0.006,0.009,0.013,0.028,0.914,0.018,-0.009,0.364,132.889,19.160,2001.500
16,308.730,287.459,23.731,24.691,3.110,0.021,0.000,0.021,13.480,352.760,-44.030,232.842,188.812,0.680,0.338,0.185,0.255,0.701,0.013,0.061,0.019,0.720,0.047,0.745,2.344,0.058,0.001,0.026,0.030,0.047,0.114,3.002,0.058,-0.044,0.504,184.130,-109.009,2001.500
17,298.707,287.030,21.910,25.288,3.293,0.023,0.000,0.023,11.642,343.844,-45.137,232.494,187.357,0.674,0.326,0.169,0.246,0.267,0.000,0.000,0.000,0.267,0.009,0.286,0.720,0.015,0.000,0.005,0.010,0.010,0.024,0.990,0.015,-0.019,0.557,203.156,93.473,2001.500
18,326.928,288.794,25.656,29.306,2.924,0.032,0.000,0.032,16.231,366.450,-39.523,233.923,194.401,0.700,0.348,0.204,0.270,0.460,0.000,0.000,0.000,0.460,0.017,0.480,1.507,0.021,0.000,0.008,0.013,0.017,0.037,1.323,0.021,-0.021,0.778,283.793,100.786,2001.500
19,329.653,289.235,25.808,29.407,3.295,0.026,0.000,0.026,16.835,369.569,-39.916,234.281,194.364,0.700,0.362,0.205,0.270,1.157,0.007,0.020,0.009,1.166,0.097,1.138,3.537,0.098,0.006,0.059,0.033,0.093,0.250,3.248,0.098,0.019,0.621,226.611,-224.353,2001.500
20,337.168,290.723,26.986,30.984,4.213,0.013,0.000,0.013,17.665,373.574,-36.406,235.486,199.080,0.717,0.398,0.215,0.280,0.181,0.000,0.000,0.000,0.181,0.002,0.186,0.394,0.004,0.000,0.000,0.004,0.002,0.003,0.377,0.003,-0.005,0.321,117.130,48.053,2001.500
21,334.943,290.326,26.313,29.571,3.633,0.016,0.000,0.016,17.998,375.539,-40.596,235.164,194.568,0.700,0.378,0.209,0.272,0.313,0.000,0.000,0.000,0.313,0.006,0.316,0.692,0.007,0.000,0.001,0.006,0.006,0.010,0.552,0.006,-0.003,0.377,137.443,19.813,2001.500
22,299.620,286.718,21.336,27.868,3.278,0.029,0.000,0.029,11.648,344.289,-44.669,232.242,187.573,0.675,0.316,0.166,0.244,1.174,0.351,29.490,1.400,2.574,0.934,1.758,9.253,0.933,0.530,0.355,0.047,0.593,1.434,4.689,0.935,-0.585,0.696,254.023,-729.051,2001.500
23,290.768,297.268,20.743,25.294,3.675,0.022,0.000,0.021,10.426,337.858,-47.090,240.787,193.697,0.697,0.332,0.158,0.250,0.662,0.005,0.034,0.010,0.672,0.035,0.696,2.334,0.043,0.001,0.016,0.026,0.035,0.075,2.543,0.043,-0.034,0.516,188.455,-81.209,2001.500
24,285.852,295.568,19.529,26.586,3.608,0.025,0.000,0.025,9.420,333.130,-47.278,239.410,192.132,0.692,0.316,0.148,0.243,1.174,0.351,29.490,1.400,2.574,0.934,1.758,9.253,0.933,0.530,0.355,0.047,0.593,1.434,4.689,0.935,-0.585,0.609,222.272,-760.802,2001.500
25,336.062,288.138,27.035,27.941,3.241,0.018,0.000,0.018,18.324,377.328,-41.266,233.392,192.126,0.692,0.369,0.218,0.271,0.311,0.000,0.000,0.000,0.311,0.015,0.342,1.041,0.026,0.000,0.010,0.016,0.015,0.043,1.540,0.025,-0.031,0.443,161.803,27.699,2001.500
26,333.213,290.072,26.031,29.710,3.687,0.016,0.000,0.016,17.672,373.858,-40.645,234.959,194.313,0.700,0.377,0.206,0.270,0.285,0.000,0.000,0.000,0.285,0.014,0.294,0.845,0.018,0.003,0.006,0.009,0.013,0.028,0.914,0.018,-0.009,0.382,139.413,25.684,2001.500
27,326.835,286.228,25.817,27.490,2.912,0.028,0.000,0.028,16.418,367.684,-40.848,231.844,190.996,0.688,0.348,0.207,0.265,0.951,0.000,0.000,0.000,0.951,0.058,0.948,2.646,0.060,0.003,0.030,0.026,0.059,0.136,2.611,0.061,0.004,0.674,245.981,-122.008,2001.500
28,335.043,289.044,26.973,27.857,3.008,0.026,0.000,0.026,17.832,374.657,-39.614,234.126,194.512,0.700,0.364,0.217,0.274,0.672,0.000,0.000,0.000,0.672,0.025,0.667,1.635,0.026,0.000,0.011,0.015,0.025,0.054,1.442,0.025,0.005,0.631,230.248,-22.523,2001.500
29,332.918,289.306,26.418,30.510,3.632,0.024,0.000,0.024,16.954,370.013,-37.095,234.338,197.243,0.710,0.374,0.211,0.276,0.184,0.000,0.000,0.000,0.184,0.002,0.189,0.405,0.004,0.000,0.000,0.004,0.002,0.003,0.381,0.003,-0.005,0.571,208.454,138.356,2001.500
30,333.590,286.718,26.859,27.827,2.763,0.032,0.000,0.032,17.323,371.988,-38.398,232.241,193.844,0.698,0.354,0.216,0.273,0.951,0.000,0.000,0.000,0.951,0.058,0.948,2.646,0.060,0.003,0.030,0.026,0.059,0.136,2.611,0.061,0.004,0.778,284.055,-83.934,2001.500
31,296.026,283.771,19.910,30.936,3.343,0.040,0.001,0.038,10.525,339.136,-43.110,229.855,186.745,0.672,0.298,0.157,0.237,0.630,0.125,8.570,0.612,1.242,0.303,1.024,4.813,0.300,0.128,0.143,0.029,0.217,0.581,2.881,0.300,-0.394,0.956,349.116,-134.166,2001.500
32,314.864,285.047,23.799,29.702,2.840,0.037,0.000,0.037,14.149,356.093,-41.230,230.888,189.658,0.683,0.325,0.186,0.257,0.827,0.005,0.011,0.005,0.833,0.050,0.837,2.594,0.052,0.001,0.028,0.023,0.050,0.124,2.307,0.052,-0.009,0.895,326.800,2.319,2001.500
33,304.922,284.301,21.810,29.910,3.098,0.038,0.000,0.038,12.289,347.305,-42.383,230.284,187.901,0.676,0.311,0.171,0.247,1.108,0.000,0.000,0.000,1.108,0.080,1.091,3.115,0.081,0.007,0.043,0.031,0.079,0.189,3.032,0.081,0.017,0.919,335.449,-92.398,2001.500
34,335.662,288.024,25.609,35.455,4.673,0.012,0.000,0.012,17.027,370.256,-34.594,233.300,198.706,0.715,0.387,0.200,0.275,0.286,0.000,0.000,0.000,0.286,0.004,0.286,0.660,0.007,0.000,0.001,0.006,0.004,0.007,0.546,0.005,-0.001,0.296,108.127,1.720,2001.500
35,335.548,288.440,25.670,35.104,4.707,0.012,0.000,0.012,17.039,370.317,-34.769,233.636,198.867,0.716,0.389,0.201,0.276,0.286,0.000,0.000,0.000,0.286,0.004,0.286,0.660,0.007,0.000,0.001,0.006,0.004,0.007,0.546,0.005,-0.001,0.286,104.522,-1.885,2001.500
36,333.535,287.018,25.839,33.436,4.104,0.020,0.000,0.020,16.841,369.376,-35.841,232.485,196.644,0.708,0.375,0.204,0.273,0.332,0.000,0.000,0.000,0.332,0.006,0.330,0.799,0.008,0.000,0.001,0.006,0.006,0.009,0.629,0.007,0.002,0.486,177.539,54.419,2001.500
37,334.534,285.849,25.177,36.790,4.626,0.014,0.000,0.014,16.757,368.912,-34.378,231.538,197.160,0.710,0.377,0.197,0.272,0.332,0.000,0.000,0.000,0.332,0.006,0.330,0.799,0.008,0.000,0.001,0.006,0.006,0.009,0.629,0.007,0.002,0.336,122.676,-0.444,2001.500
38,330.067,285.697,25.381,33.199,3.650,0.026,0.000,0.026,16.292,366.630,-36.563,231.414,194.852,0.701,0.357,0.200,0.269,0.332,0.000,0.000,0.000,0.332,0.006,0.330,0.799,0.008,0.000,0.001,0.006,0.006,0.009,0.629,0.007,0.002,0.627,228.707,105.587,2001.500
39,321.066,288.071,24.899,30.304,2.586,0.038,0.000,0.038,15.192,361.093,-40.027,233.338,193.311,0.696,0.329,0.196,0.266,0.672,0.000,0.000,0.000,0.672,0.025,0.667,1.635,0.026,0.000,0.011,0.015,0.025,0.054,1.442,0.025,0.005,0.913,333.225,80.455,2001.500
40,294.248,283.461,19.859,31.891,3.281,0.041,0.001,0.040,10.306,337.687,-43.440,229.603,186.164,0.670,0.296,0.154,0.237,0.840,0.070,4.255,0.364,1.204,0.210,1.087,4.696,0.211,0.075,0.102,0.035,0.158,0.420,3.424,0.212,-0.246,0.975,356.031,-117.804,2001.500
41,307.731,286.826,22.584,31.417,2.979,0.040,0.000,0.040,12.886,349.773,-42.042,232.329,190.287,0.685,0.318,0.174,0.253,1.269,0.000,0.000,0.000,1.269,0.086,1.237,3.404,0.084,0.005,0.046,0.034,0.086,0.201,3.364,0.084,0.032,0.956,348.838,-133.569,2001.500
42,305.534,286.274,22.206,31.596,2.961,0.040,0.000,0.040,12.522,347.995,-42.461,231.882,189.422,0.682,0.313,0.171,0.251,1.269,0.000,0.000,0.000,1.269,0.086,1.237,3.404,0.084,0.005,0.046,0.034,0.086,0.201,3.364,0.084,0.032,0.966,352.524,-129.883,2001.500
43,323.350,283.702,24.647,31.855,3.095,0.035,0.000,0.035,15.272,361.596,-38.245,229.799,191.553,0.690,0.335,0.194,0.262,0.449,0.000,0.000,0.000,0.449,0.012,0.445,1.128,0.013,0.001,0.004,0.009,0.012,0.021,0.881,0.014,0.003,0.835,304.876,137.331,2001.500
44,330.441,281.024,24.367,37.156,4.045,0.024,0.000,0.024,15.920,364.890,-34.449,227.629,193.181,0.695,0.348,0.190,0.263,0.519,0.000,0.000,0.000,0.519,0.018,0.513,1.351,0.019,0.002,0.006,0.011,0.017,0.034,1.046,0.020,0.006,0.579,211.515,17.206,2001.500
45,283.544,285.809,18.148,32.667,3.615,0.040,0.000,0.039,8.551,329.127,-45.583,231.505,185.922,0.669,0.290,0.138,0.230,0.722,0.039,2.207,0.201,0.923,0.125,0.880,3.395,0.130,0.039,0.061,0.031,0.099,0.254,3.032,0.130,-0.159,0.954,348.133,-20.819,2001.500
46,293.484,286.407,20.072,32.523,3.222,0.042,0.000,0.041,10.428,337.858,-44.374,231.990,187.616,0.675,0.300,0.152,0.240,1.695,0.020,0.080,0.020,1.715,0.168,1.614,5.278,0.163,0.017,0.100,0.047,0.162,0.420,4.638,0.164,0.081,0.996,363.544,-285.309,2001.500
47,308.922,286.824,22.742,31.647,2.839,0.041,0.000,0.041,13.061,350.637,-41.714,232.328,190.613,0.686,0.314,0.176,0.254,1.269,0.000,0.000,0.000,1.269,0.086,1.237,3.404,0.084,0.005,0.046,0.034,0.086,0.201,3.364,0.084,0.032,0.989,360.857,-121.550,2001.500
48,311.764,286.395,23.280,30.992,2.794,0.040,0.000,0.040,13.591,353.256,-41.492,231.980,190.488,0.686,0.318,0.181,0.256,1.108,0.000,0.000,0.000,1.108,0.080,1.091,3.115,0.081,0.007,0.043,0.031,0.079,0.189,3.032,0.081,0.017,0.950,346.597,-81.251,2001.500
49,333.541,276.165,23.464,42.732,3.918,0.027,0.000,0.027,15.306,365.668,-32.127,223.693,191.566,0.690,0.322,0.182,0.258,0.718,0.000,0.000,0.000,0.718,0.034,0.719,1.972,0.036,0.004,0.015,0.017,0.033,0.069,1.666,0.036,-0.001,0.649,236.798,-38.725,2001.500
50,306.424,282.325,21.860,32.911,2.908,0.046,0.000,0.046,12.379,347.481,-41.056,228.684,187.627,0.675,0.304,0.169,0.247,0.467,0.000,0.000,0.000,0.467,0.040,0.462,2.510,0.042,0.014,0.016,0.012,0.037,0.069,1.234,0.043,0.005,1.097,400.562,216.432,2001.500
51,337.043,272.799,23.574,43.156,3.353,0.039,0.000,0.039,16.109,367.320,-30.277,220.967,190.690,0.686,0.306,0.184,0.257,1.038,0.000,0.000,0.000,1.038,0.064,1.019,2.720,0.065,0.007,0.032,0.027,0.064,0.145,2.656,0.066,0.019,0.936,341.784,-54.187,2001.500
52,332.580,273.046,23.437,41.581,3.326,0.038,0.000,0.038,15.302,364.409,-31.830,221.167,189.337,0.682,0.307,0.182,0.255,1.131,0.000,0.000,0.000,1.131,0.109,1.098,3.910,0.113,0.022,0.056,0.035,0.100,0.241,3.431,0.113,0.032,0.901,328.833,-113.260,2001.500
53,333.909,273.187,23.099,43.748,3.522,0.036,0.000,0.036,15.506,364.803,-30.894,221.282,190.388,0.685,0.306,0.179,0.255,0.958,0.000,0.000,0.000,0.958,0.049,0.949,2.408,0.051,0.003,0.023,0.025,0.048,0.108,2.443,0.052,0.009,0.856,312.545,-52.700,2001.500
54,306.049,277.301,20.913,35.568,2.973,0.050,0.000,0.050,11.871,345.420,-39.371,224.614,185.243,0.667,0.290,0.161,0.240,2.298,0.000,0.000,0.000,2.298,0.242,2.122,6.413,0.229,0.019,0.151,0.059,0.234,0.626,5.820,0.229,0.176,1.207,440.475,-417.420,2001.500
55,335.749,272.054,23.334,43.422,3.342,0.037,0.000,0.037,15.708,366.270,-30.521,220.364,189.843,0.683,0.303,0.181,0.255,0.958,0.000,0.000,0.000,0.958,0.049,0.949,2.408,0.051,0.003,0.023,0.025,0.048,0.108,2.443,0.052,0.009,0.899,328.025,-37.220,2001.500
56,332.111,270.636,23.193,41.748,3.144,0.042,0.000,0.042,15.155,363.547,-31.436,219.215,187.779,0.676,0.299,0.180,0.252,0.952,0.000,0.000,0.000,0.952,0.054,0.940,2.503,0.056,0.006,0.026,0.024,0.055,0.120,2.377,0.056,0.012,1.015,370.307,6.735,2001.500
57,336.982,269.669,23.794,41.477,2.869,0.047,0.000,0.047,15.984,367.270,-30.288,218.432,188.144,0.677,0.296,0.186,0.255,0.952,0.000,0.000,0.000,0.952,0.054,0.940,2.503,0.056,0.006,0.026,0.024,0.055,0.120,2.377,0.056,0.012,1.134,414.084,50.511,2001.500
58,337.454,271.869,23.551,43.281,3.225,0.041,0.000,0.041,16.079,367.486,-30.032,220.214,190.182,0.685,0.301,0.184,0.257,0.958,0.000,0.000,0.000,0.958,0.049,0.949,2.408,0.051,0.003,0.023,0.025,0.048,0.108,2.443,0.052,0.009,0.991,361.702,-3.544,2001.500
59,302.321,270.667,19.715,36.452,2.990,0.055,0.001,0.054,10.908,340.929,-38.609,219.240,180.632,0.650,0.274,0.153,0.230,0.957,0.092,4.535,0.397,1.355,0.223,1.213,4.901,0.221,0.078,0.107,0.036,0.170,0.441,3.596,0.221,-0.255,1.309,477.773,-45.437,2001.500
60,332.224,267.641,23.461,39.362,2.547,0.057,0.000,0.057,15.496,363.692,-31.469,216.789,185.320,0.667,0.287,0.184,0.250,0.952,0.000,0.000,0.000,0.952,0.054,0.940,2.503,0.056,0.006,0.026,0.024,0.055,0.120,2.377,0.056,0.012,1.359,496.164,132.591,2001.500
61,299.408,272.665,18.819,38.479,2.716,0.077,0.001,0.076,10.235,337.265,-37.857,220.859,183.002,0.659,0.261,0.144,0.229,0.880,0.044,1.948,0.220,1.100,0.237,0.998,4.894,0.252,0.094,0.116,0.043,0.187,0.473,4.233,0.253,-0.118,1.858,678.045,221.340,2001.500
62,302.674,273.578,19.833,37.605,2.719,0.069,0.000,0.068,11.047,341.037,-38.363,221.598,183.235,0.660,0.271,0.152,0.234,0.703,0.038,2.507,0.219,0.922,0.133,0.874,3.447,0.139,0.045,0.064,0.030,0.104,0.267,2.938,0.139,-0.171,1.648,601.561,231.767,2001.500
63,288.051,284.164,18.711,34.263,3.221,0.049,0.000,0.049,9.287,332.490,-44.440,230.173,185.734,0.669,0.283,0.142,0.233,0.957,0.092,4.535,0.397,1.355,0.223,1.213,4.901,0.221,0.078,0.107,0.036,0.170,0.441,3.596,0.221,-0.255,1.171,427.322,-95.887,2001.500
64,283.081,281.769,17.282,35.674,3.345,0.055,0.001,0.054,8.115,327.075,-43.995,228.233,184.238,0.663,0.269,0.132,0.225,0.703,0.038,2.507,0.219,0.922,0.133,0.874,3.447,0.139,0.045,0.064,0.030,0.104,0.267,2.938,0.139,-0.171,1.313,479.214,109.420,2001.500
65,282.255,279.459,16.861,36.397,3.264,0.057,0.001,0.057,7.840,325.812,-43.557,226.362,182.806,0.658,0.261,0.129,0.221,0.703,0.038,2.507,0.219,0.922,0.133,0.874,3.447,0.139,0.045,0.064,0.030,0.104,0.267,2.938,0.139,-0.171,1.377,502.489,132.695,2001.500
66,272.099,284.731,14.270,38.755,3.691,0.056,0.002,0.054,5.667,315.901,-43.802,230.632,186.830,0.673,0.245,0.112,0.215,0.983,0.011,0.266,0.038,1.022,0.172,0.984,4.370,0.194,0.054,0.095,0.045,0.145,0.390,4.434,0.194,-0.000,1.354,494.056,64.129,2001.500
67,277.919,284.249,16.442,35.794,3.544,0.052,0.001,0.051,7.356,323.494,-45.575,230.242,184.667,0.665,0.267,0.126,0.222,0.957,0.092,4.535,0.397,1.355,0.223,1.213,4.901,0.221,0.078,0.107,0.036,0.170,0.441,3.596,0.221,-0.255,1.243,453.585,-69.625,2001.500
68,268.610,289.134,14.035,37.815,3.974,0.047,0.002,0.046,5.245,313.837,-45.227,234.198,188.971,0.680,0.252,0.110,0.216,0.880,0.044,1.948,0.220,1.100,0.237,0.998,4.894,0.252,0.094,0.116,0.043,0.187,0.473,4.233,0.253,-0.118,1.132,413.156,-43.550,2001.500
69,274.097,285.877,15.989,34.740,3.786,0.046,0.001,0.045,6.679,320.354,-46.257,231.560,185.303,0.667,0.270,0.122,0.221,0.703,0.038,2.507,0.219,0.922,0.133,0.874,3.447,0.139,0.045,0.064,0.030,0.104,0.267,2.938,0.139,-0.171,1.098,400.742,30.948,2001.500
70,269.006,285.810,14.827,35.160,4.127,0.045,0.001,0.043,5.622,315.544,-46.538,231.506,184.968,0.666,0.263,0.115,0.215,0.880,0.044,1.948,0.220,1.100,0.237,0.998,4.894,0.252,0.094,0.116,0.043,0.187,0.473,4.233,0.253,-0.118,1.070,390.588,-66.117,2001.500
71,278.061,286.047,16.930,33.358,3.786,0.041,0.001,0.041,7.471,324.104,-46.043,231.698,185.655,0.668,0.280,0.130,0.225,0.759,0.006,0.021,0.007,0.766,0.109,0.759,3.068,0.130,0.029,0.064,0.037,0.099,0.265,3.668,0.130,-0.000,0.995,363.216,38.456,2001.500
72,272.531,287.026,15.736,34.334,4.022,0.042,0.001,0.041,6.389,319.060,-46.529,232.491,185.962,0.669,0.272,0.121,0.220,0.764,0.043,1.973,0.202,0.966,0.122,0.925,3.536,0.127,0.033,0.062,0.031,0.102,0.260,3.116,0.127,-0.161,1.012,369.369,-14.745,2001.500
73,267.198,290.527,13.847,37.692,4.040,0.044,0.001,0.043,5.010,312.726,-45.528,235.327,189.799,0.683,0.253,0.108,0.217,0.703,0.038,2.507,0.219,0.922,0.133,0.874,3.447,0.139,0.045,0.064,0.030,0.104,0.267,2.938,0.139,-0.171,1.059,386.555,16.761,2001.500
74,265.676,289.673,14.222,35.367,4.303,0.042,0.001,0.041,5.015,312.724,-47.048,234.635,187.587,0.675,0.262,0.110,0.216,0.703,0.038,2.507,0.219,0.922,0.133,0.874,3.447,0.139,0.045,0.064,0.030,0.104,0.267,2.938,0.139,-0.171,0.999,364.612,-5.181,2001.500
75,,,,,,,,,,,,,,,,,,0.703,0.038,2.507,0.219,0.922,0.133,0.874,3.447,0.139,0.045,0.064,0.030,0.104,0.267,2.938,0.139,-0.171,,,,2001.500
76,328.984,294.727,26.145,33.009,6.488,0.006,0.000,0.006,17.477,372.394,-43.410,238.729,195.319,0.703,0.428,0.204,0.272,0.062,0.000,0.000,0.000,0.062,0.000,0.067,0.147,0.003,0.000,0.000,0.002,0.000,0.001,0.238,0.001,-0.005,0.135,49.301,24.319,2001.500
77,335.103,293.747,26.875,32.893,5.353,0.008,0.000,0.008,17.926,374.844,-39.741,237.935,198.194,0.713,0.409,0.212,0.279,0.062,0.000,0.000,0.000,0.062,0.000,0.067,0.147,0.003,0.000,0.000,0.002,0.000,0.001,0.238,0.001,-0.005,0.190,69.287,44.305,2001.500
78,337.412,293.101,27.202,32.764,5.008,0.009,0.000,0.009,18.210,376.288,-38.875,237.412,198.537,0.715,0.404,0.216,0.280,0.204,0.000,0.000,0.000,0.204,0.004,0.208,0.666,0.005,0.000,0.001,0.004,0.004,0.007,0.366,0.005,-0.004,0.208,75.920,-1.680,2001.500
79,336.970,293.403,27.208,31.965,4.637,0.010,0.000,0.010,18.056,375.570,-38.601,237.656,199.055,0.717,0.397,0.216,0.281,0.082,0.000,0.000,0.000,0.082,0.000,0.086,0.199,0.003,0.000,0.000,0.003,0.000,0.001,0.282,0.002,-0.004,0.229,83.703,51.577,2001.500
80,341.346,291.831,27.761,32.088,3.905,0.011,0.000,0.011,18.546,378.090,-36.744,236.383,199.639,0.719,0.383,0.222,0.284,0.125,0.000,0.000,0.000,0.125,0.001,0.132,0.309,0.004,0.000,0.000,0.003,0.001,0.002,0.327,0.003,-0.006,0.268,97.713,48.632,2001.500
81,338.656,293.763,27.505,31.335,3.724,0.012,0.000,0.012,18.147,376.053,-37.397,237.948,200.551,0.722,0.379,0.220,0.284,0.082,0.000,0.000,0.000,0.082,0.000,0.086,0.199,0.003,0.000,0.000,0.003,0.000,0.001,0.282,0.002,-0.004,0.297,108.410,76.284,2001.500
82,341.646,291.937,27.871,31.793,4.377,0.009,0.000,0.009,18.832,379.591,-37.945,236.469,198.524,0.715,0.393,0.224,0.283,0.082,0.000,0.000,0.000,0.082,0.000,0.086,0.199,0.003,0.000,0.000,0.003,0.000,0.001,0.282,0.002,-0.004,0.211,77.048,44.921,2001.500
83,335.770,293.334,27.207,30.463,3.588,0.013,0.000,0.013,17.734,373.987,-38.217,237.601,199.384,0.718,0.374,0.217,0.282,0.213,0.000,0.000,0.000,0.213,0.005,0.214,0.506,0.007,0.001,0.002,0.004,0.005,0.009,0.403,0.006,-0.002,0.304,110.873,30.350,2001.500
84,327.792,293.677,26.292,28.441,3.410,0.014,0.000,0.014,16.502,367.807,-40.015,237.878,197.863,0.712,0.366,0.208,0.276,0.204,0.000,0.000,0.000,0.204,0.004,0.208,0.666,0.005,0.000,0.001,0.004,0.004,0.007,0.366,0.005,-0.004,0.331,120.935,43.335,2001.500
85,330.635,295.371,26.357,32.614,5.811,0.007,0.000,0.007,17.380,372.086,-41.451,239.251,197.800,0.712,0.416,0.207,0.276,0.125,0.000,0.000,0.000,0.125,0.001,0.132,0.309,0.004,0.000,0.000,0.003,0.001,0.002,0.327,0.003,-0.006,0.171,62.371,13.290,2001.500
86,332.205,294.940,26.395,33.991,6.321,0.006,0.000,0.006,17.557,372.955,-40.750,238.902,198.152,0.713,0.427,0.206,0.277,0.125,0.000,0.000,0.000,0.125,0.001,0.132,0.309,0.004,0.000,0.000,0.003,0.001,0.002,0.327,0.003,-0.006,0.138,50.351,1.270,2001.500
87,324.164,295.628,25.673,31.629,6.691,0.005,0.000,0.005,16.569,367.948,-43.784,239.458,195.674,0.704,0.435,0.199,0.271,0.125,0.000,0.000,0.000,0.125,0.001,0.132,0.309,0.004,0.000,0.000,0.003,0.001,0.002,0.327,0.003,-0.006,0.126,45.985,-3.096,2001.500
88,329.331,294.140,26.214,32.245,6.124,0.007,0.000,0.007,17.143,370.860,-41.528,238.253,196.725,0.708,0.426,0.205,0.274,0.129,0.000,0.000,0.000,0.129,0.002,0.133,0.358,0.004,0.000,0.001,0.003,0.003,0.006,0.315,0.004,-0.004,0.160,58.296,8.291,2001.500
89,331.050,294.993,26.520,31.941,5.632,0.007,0.000,0.007,17.342,371.895,-40.846,238.945,198.099,0.713,0.419,0.208,0.277,0.203,0.000,0.000,0.000,0.203,0.004,0.205,0.484,0.006,0.001,0.001,0.004,0.004,0.008,0.367,0.006,-0.002,0.176,64.294,-12.455,2001.500
90,330.822,295.158,26.703,29.956,4.250,0.011,0.000,0.011,17.154,370.999,-40.176,239.078,198.902,0.716,0.389,0.211,0.279,0.206,0.000,0.000,0.000,0.206,0.004,0.206,0.484,0.006,0.001,0.001,0.004,0.004,0.008,0.354,0.005,-0.000,0.272,99.237,22.153,2001.500
91,334.827,292.108,26.816,32.451,5.497,0.008,0.000,0.008,17.775,374.084,-39.257,236.608,197.351,0.710,0.415,0.211,0.277,0.129,0.000,0.000,0.000,0.129,0.002,0.133,0.358,0.004,0.000,0.001,0.003,0.003,0.006,0.315,0.004,-0.004,0.190,69.501,19.496,2001.500
92,334.979,296.255,27.061,31.454,4.547,0.010,0.000,0.010,17.748,374.030,-39.051,239.967,200.916,0.723,0.399,0.215,0.283,0.129,0.000,0.000,0.000,0.129,0.002,0.133,0.358,0.004,0.000,0.001,0.003,0.003,0.006,0.315,0.004,-0.004,0.242,88.331,38.326,2001.500
93,318.279,296.167,25.187,26.259,3.609,0.014,0.000,0.014,15.109,360.788,-42.509,239.895,197.386,0.711,0.369,0.197,0.272,0.173,0.000,0.000,0.000,0.173,0.005,0.173,0.453,0.006,0.001,0.002,0.004,0.005,0.011,0.355,0.006,-0.001,0.347,126.738,61.391,2001.500
94,322.464,294.833,25.727,26.865,3.628,0.014,0.000,0.014,15.712,363.783,-41.319,238.815,197.495,0.711,0.373,0.202,0.274,0.115,0.000,0.000,0.000,0.115,0.004,0.118,0.324,0.006,0.001,0.001,0.003,0.004,0.007,0.344,0.005,-0.003,0.330,120.321,75.427,2001.500
95,332.492,293.417,26.469,33.559,6.027,0.007,0.000,0.007,17.536,372.852,-40.360,237.668,197.308,0.710,0.422,0.207,0.276,0.068,0.000,0.000,0.000,0.068,0.001,0.077,0.176,0.003,0.000,0.000,0.002,0.001,0.001,0.239,0.002,-0.009,0.163,59.532,31.021,2001.500
96,276.121,293.648,17.456,28.719,3.560,0.031,0.000,0.031,7.560,324.342,-48.221,237.855,189.634,0.683,0.291,0.132,0.232,0.612,0.036,0.671,0.091,0.704,0.072,0.719,2.765,0.082,0.018,0.037,0.028,0.064,0.157,2.748,0.082,-0.107,0.749,273.562,-18.752,2001.500
97,334.270,292.501,26.868,31.915,5.346,0.009,0.000,0.009,17.635,373.397,-39.128,236.926,197.798,0.712,0.415,0.212,0.278,0.095,0.000,0.000,0.000,0.095,0.003,0.103,0.257,0.005,0.001,0.001,0.004,0.003,0.006,0.348,0.004,-0.008,0.205,74.919,35.733,2001.500
98,338.872,290.575,27.515,30.851,4.544,0.011,0.000,0.011,18.040,375.514,-36.643,235.365,198.723,0.715,0.407,0.220,0.282,0.204,0.000,0.000,0.000,0.204,0.004,0.204,0.481,0.006,0.001,0.002,0.004,0.005,0.009,0.364,0.005,0.000,0.255,93.230,16.869,2001.500
99,335.759,292.686,27.108,31.063,5.405,0.009,0.000,0.009,17.753,374.025,-38.266,237.076,198.810,0.716,0.427,0.215,0.281,0.216,0.000,0.000,0.000,0.216,0.005,0.216,0.526,0.007,0.000,0.002,0.005,0.005,0.011,0.452,0.006,-0.000,0.221,80.548,-0.758,2001.500
100,337.284,293.737,27.490,29.807,4.325,0.011,0.000,0.011,17.964,375.208,-37.924,237.927,200.003,0.720,0.405,0.220,0.284,0.186,0.000,0.000,0.000,0.186,0.005,0.186,0.458,0.006,0.001,0.002,0.003,0.005,0.009,0.329,0.005,-0.000,0.271,98.908,29.066,2001.500
101,337.080,294.022,27.363,30.546,5.579,0.009,0.000,0.009,17.999,375.321,-38.242,238.158,199.916,0.720,0.439,0.218,0.283,0.190,0.000,0.000,0.000,0.190,0.008,0.192,0.531,0.011,0.002,0.004,0.005,0.009,0.019,0.536,0.010,-0.003,0.220,80.276,6.361,2001.500
102,337.627,293.704,27.499,29.857,5.413,0.010,0.000,0.010,17.983,375.234,-37.607,237.901,200.293,0.721,0.439,0.220,0.284,0.245,0.000,0.000,0.000,0.245,0.016,0.242,0.755,0.020,0.005,0.006,0.008,0.014,0.031,0.774,0.019,0.003,0.237,86.553,-8.666,2001.500
103,340.463,294.036,27.998,28.952,4.933,0.011,0.000,0.011,18.261,376.657,-36.193,238.169,201.976,0.727,0.437,0.226,0.288,0.281,0.000,0.000,0.000,0.281,0.017,0.279,0.847,0.022,0.006,0.007,0.009,0.016,0.032,0.856,0.022,0.002,0.266,97.107,-12.435,2001.500
104,341.400,294.010,27.873,30.755,5.013,0.009,0.000,0.009,18.474,377.747,-36.347,238.148,201.802,0.726,0.429,0.224,0.287,0.204,0.000,0.000,0.000,0.204,0.004,0.204,0.481,0.006,0.001,0.002,0.004,0.005,0.009,0.364,0.005,0.000,0.224,81.674,5.314,2001.500
105,329.437,295.675,26.713,27.092,4.075,0.013,0.000,0.013,16.812,369.382,-39.945,239.496,199.552,0.718,0.399,0.213,0.280,0.209,0.000,0.000,0.000,0.209,0.006,0.212,0.592,0.009,0.000,0.003,0.005,0.007,0.013,0.543,0.008,-0.003,0.304,110.964,30.584,2001.500
106,342.167,294.084,28.185,29.570,4.732,0.011,0.000,0.011,18.564,378.214,-36.047,238.208,202.161,0.728,0.430,0.227,0.289,0.212,0.000,0.000,0.000,0.212,0.004,0.213,0.501,0.006,0.000,0.002,0.004,0.004,0.009,0.376,0.005,-0.000,0.257,93.956,14.566,2001.500
107,341.344,295.417,28.285,28.088,4.651,0.012,0.000,0.012,18.435,377.565,-36.221,239.288,203.067,0.731,0.436,0.229,0.291,0.270,0.000,0.000,0.000,0.270,0.007,0.267,0.658,0.010,0.001,0.003,0.006,0.008,0.015,0.636,0.010,0.003,0.279,101.866,0.779,2001.500
108,333.686,296.481,27.354,26.941,4.239,0.012,0.000,0.012,17.443,372.597,-38.910,240.149,201.239,0.724,0.415,0.219,0.285,0.196,0.000,0.000,0.000,0.196,0.004,0.196,0.472,0.006,0.001,0.001,0.003,0.004,0.008,0.333,0.005,-0.000,0.299,109.126,35.610,2001.500
109,333.574,296.092,27.454,26.224,4.697,0.012,0.000,0.012,17.399,372.340,-38.766,239.835,201.068,0.724,0.433,0.221,0.285,0.280,0.000,0.000,0.000,0.280,0.011,0.281,0.775,0.014,0.002,0.005,0.007,0.012,0.024,0.679,0.013,-0.001,0.299,109.132,1.702,2001.500
110,340.641,297.345,28.718,25.409,5.088,0.012,0.000,0.012,18.489,377.740,-37.099,240.850,203.751,0.734,0.467,0.234,0.293,0.210,0.000,0.000,0.000,0.210,0.004,0.209,0.481,0.005,0.001,0.001,0.004,0.004,0.007,0.350,0.005,0.000,0.299,109.292,31.156,2001.500
111,318.724,298.027,25.290,25.366,4.331,0.012,0.000,0.012,15.001,360.148,-41.424,241.402,199.978,0.720,0.397,0.198,0.276,0.175,0.000,0.000,0.000,0.175,0.003,0.177,0.437,0.004,0.000,0.001,0.003,0.003,0.006,0.307,0.003,-0.002,0.296,108.191,42.181,2001.500
112,329.042,296.463,26.850,25.978,4.072,0.013,0.000,0.013,16.781,369.183,-40.141,240.135,199.994,0.720,0.405,0.214,0.281,0.165,0.000,0.000,0.000,0.165,0.004,0.166,0.422,0.006,0.001,0.002,0.003,0.005,0.009,0.301,0.005,-0.000,0.310,113.198,51.034,2001.500
113,304.651,299.196,23.201,24.104,3.690,0.015,0.000,0.015,12.812,349.318,-44.666,242.349,197.683,0.712,0.360,0.178,0.265,0.183,0.000,0.000,0.000,0.183,0.005,0.183,0.460,0.006,0.001,0.002,0.003,0.005,0.009,0.318,0.005,-0.000,0.365,133.220,64.703,2001.500
114,307.226,300.636,23.537,24.011,4.123,0.013,0.000,0.013,13.100,350.668,-43.442,243.515,200.073,0.720,0.378,0.181,0.270,0.220,0.000,0.000,0.000,0.220,0.006,0.227,0.628,0.008,0.000,0.003,0.005,0.006,0.013,0.542,0.008,-0.007,0.313,114.282,28.585,2001.500
115,307.895,298.435,23.807,24.093,3.550,0.015,0.000,0.015,13.399,352.184,-44.289,241.732,197.443,0.711,0.361,0.184,0.267,0.173,0.000,0.000,0.000,0.173,0.005,0.173,0.453,0.006,0.001,0.002,0.004,0.005,0.011,0.355,0.006,-0.001,0.352,128.385,63.039,2001.500
116,304.057,297.644,23.111,24.094,3.597,0.016,0.000,0.016,12.705,348.785,-44.728,241.092,196.363,0.707,0.356,0.178,0.263,0.209,0.000,0.000,0.000,0.209,0.006,0.212,0.592,0.009,0.000,0.003,0.005,0.007,0.013,0.543,0.008,-0.003,0.384,140.133,59.753,2001.500
117,293.307,299.802,21.265,24.823,3.773,0.019,0.000,0.019,10.901,340.097,-46.790,242.840,196.049,0.706,0.342,0.162,0.255,0.209,0.000,0.000,0.000,0.209,0.006,0.212,0.592,0.009,0.000,0.003,0.005,0.007,0.013,0.543,0.008,-0.003,0.453,165.456,85.076,2001.500
118,302.477,300.452,22.866,23.888,3.683,0.016,0.000,0.016,12.450,347.524,-45.047,243.366,198.320,0.714,0.358,0.175,0.265,0.173,0.000,0.000,0.000,0.173,0.005,0.173,0.453,0.006,0.001,0.002,0.004,0.005,0.011,0.355,0.006,-0.001,0.374,136.620,71.273,2001.500
119,277.577,297.334,17.862,27.940,3.623,0.028,0.000,0.028,7.945,326.147,-48.571,240.841,192.270,0.692,0.299,0.135,0.237,0.662,0.005,0.034,0.010,0.672,0.035,0.696,2.334,0.043,0.001,0.016,0.026,0.035,0.075,2.543,0.043,-0.034,0.672,245.308,-24.355,2001.500
120,282.020,303.287,19.308,26.152,3.724,0.023,0.000,0.023,9.084,331.430,-49.410,245.662,196.252,0.707,0.321,0.146,0.248,0.403,0.000,0.000,0.000,0.403,0.018,0.420,1.238,0.025,0.002,0.009,0.014,0.019,0.043,1.361,0.024,-0.017,0.551,201.014,38.781,2001.500
121,278.347,301.646,18.476,26.848,3.747,0.025,0.000,0.025,8.360,328.022,-49.675,244.333,194.659,0.701,0.311,0.139,0.242,0.662,0.005,0.034,0.010,0.672,0.035,0.696,2.334,0.043,0.001,0.016,0.026,0.035,0.075,2.543,0.043,-0.034,0.598,218.132,-51.531,2001.500
122,279.500,300.916,18.802,26.455,3.856,0.024,0.000,0.024,8.590,329.097,-49.597,243.742,194.145,0.699,0.318,0.142,0.243,0.273,0.000,0.000,0.000,0.273,0.011,0.277,0.767,0.013,0.002,0.004,0.007,0.011,0.020,0.722,0.013,-0.004,0.583,212.834,107.105,2001.500
123,337.656,291.270,27.352,30.896,5.291,0.009,0.000,0.009,17.913,374.834,-37.177,235.928,198.751,0.716,0.428,0.218,0.281,0.169,0.000,0.000,0.000,0.169,0.006,0.173,0.441,0.009,0.001,0.003,0.005,0.007,0.016,0.475,0.008,-0.004,0.226,82.462,16.473,2001.500
124,333.360,292.076,26.769,31.122,5.987,0.009,0.000,0.009,17.424,372.318,-38.958,236.582,197.623,0.711,0.440,0.212,0.278,0.263,0.000,0.000,0.000,0.263,0.013,0.261,0.695,0.016,0.003,0.006,0.007,0.012,0.028,0.728,0.016,0.003,0.212,77.411,-23.589,2001.500
125,331.004,293.132,26.333,33.243,6.362,0.008,0.000,0.008,17.258,371.441,-40.437,237.437,197.000,0.709,0.438,0.207,0.275,0.147,0.000,0.000,0.000,0.147,0.005,0.153,0.371,0.008,0.000,0.003,0.005,0.005,0.014,0.470,0.007,-0.007,0.201,73.534,15.028,2001.500
126,338.006,292.531,27.455,30.495,5.338,0.010,0.000,0.010,17.882,374.686,-36.680,236.950,200.270,0.721,0.435,0.219,0.284,0.166,0.000,0.000,0.000,0.166,0.007,0.167,0.442,0.009,0.001,0.004,0.005,0.007,0.016,0.476,0.008,-0.001,0.247,90.073,26.076,2001.500
127,331.113,292.866,26.424,32.792,6.143,0.009,0.000,0.009,17.190,371.056,-39.943,237.221,197.278,0.710,0.438,0.207,0.276,0.257,0.000,0.000,0.000,0.257,0.015,0.253,0.696,0.018,0.004,0.007,0.007,0.014,0.031,0.707,0.017,0.004,0.214,78.218,-20.497,2001.500
128,331.858,292.924,26.570,31.695,5.814,0.010,0.000,0.010,17.107,370.625,-38.767,237.268,198.501,0.715,0.437,0.209,0.278,0.181,0.000,0.000,0.000,0.181,0.008,0.187,0.490,0.010,0.001,0.004,0.005,0.008,0.020,0.519,0.010,-0.006,0.241,87.835,16.001,2001.500
129,330.020,293.306,26.239,33.873,6.001,0.009,0.000,0.009,17.040,370.243,-40.223,237.578,197.355,0.710,0.432,0.205,0.275,0.174,0.000,0.000,0.000,0.174,0.008,0.179,0.468,0.010,0.001,0.004,0.005,0.008,0.020,0.504,0.009,-0.004,0.224,81.626,13.004,2001.500
130,332.344,291.965,26.516,33.599,5.661,0.010,0.000,0.010,17.239,371.306,-38.962,236.492,197.530,0.711,0.427,0.208,0.277,0.191,0.000,0.000,0.000,0.191,0.011,0.192,0.576,0.013,0.002,0.005,0.006,0.009,0.025,0.557,0.013,-0.001,0.243,88.665,13.963,2001.500
131,335.105,292.666,26.744,35.118,5.501,0.011,0.000,0.011,17.648,373.365,-38.260,237.059,198.799,0.716,0.421,0.210,0.279,0.271,0.000,0.000,0.000,0.271,0.021,0.260,0.716,0.026,0.010,0.007,0.009,0.021,0.030,0.844,0.025,0.011,0.256,93.484,-10.580,2001.500
132,336.231,293.061,26.830,35.990,5.467,0.011,0.000,0.011,17.842,374.333,-38.103,237.379,199.277,0.717,0.420,0.211,0.280,0.136,0.000,0.000,0.000,0.136,0.005,0.143,0.386,0.008,0.000,0.003,0.005,0.004,0.014,0.503,0.008,-0.007,0.259,94.618,39.577,2001.500
133,335.191,292.408,26.814,34.603,5.384,0.011,0.000,0.011,17.636,373.315,-38.124,236.851,198.727,0.715,0.421,0.211,0.279,0.271,0.000,0.000,0.000,0.271,0.021,0.260,0.716,0.026,0.010,0.007,0.009,0.021,0.030,0.844,0.025,0.011,0.268,97.638,-6.426,2001.500
134,337.147,292.425,27.191,33.617,5.104,0.012,0.000,0.012,17.890,374.652,-37.505,236.864,199.360,0.718,0.421,0.216,0.282,0.136,0.000,0.000,0.000,0.136,0.005,0.143,0.386,0.008,0.000,0.003,0.005,0.004,0.014,0.503,0.008,-0.007,0.284,103.551,48.510,2001.500
135,331.230,293.040,26.389,33.561,5.764,0.010,0.000,0.010,17.126,370.701,-39.472,237.362,197.890,0.712,0.429,0.207,0.277,0.271,0.000,0.000,0.000,0.271,0.021,0.260,0.716,0.026,0.010,0.007,0.009,0.021,0.030,0.844,0.025,0.011,0.245,89.334,-14.730,2001.500
136,336.787,292.868,27.174,33.061,5.100,0.012,0.000,0.012,17.800,374.233,-37.446,237.223,199.777,0.719,0.422,0.216,0.282,0.300,0.000,0.000,0.000,0.300,0.014,0.305,0.809,0.017,0.002,0.007,0.008,0.015,0.032,0.773,0.017,-0.005,0.288,105.218,-12.284,2001.500
137,330.597,293.163,26.485,30.715,5.677,0.011,0.000,0.011,16.852,369.400,-38.803,237.462,198.659,0.715,0.436,0.209,0.278,0.314,0.000,0.000,0.000,0.314,0.019,0.316,0.899,0.022,0.005,0.009,0.008,0.017,0.039,0.835,0.022,-0.001,0.275,100.387,-22.926,2001.500
138,335.106,292.079,27.025,31.915,5.096,0.012,0.000,0.012,17.477,372.666,-37.560,236.584,199.023,0.716,0.423,0.214,0.281,0.343,0.000,0.000,0.000,0.343,0.020,0.343,0.926,0.024,0.005,0.009,0.009,0.019,0.042,0.879,0.023,-0.000,0.294,107.159,-26.574,2001.500
139,335.637,292.311,27.158,30.772,4.848,0.014,0.000,0.014,17.484,372.808,-37.170,236.772,199.601,0.719,0.421,0.216,0.282,0.235,0.000,0.000,0.000,0.235,0.010,0.240,0.706,0.013,0.002,0.005,0.006,0.011,0.025,0.622,0.012,-0.005,0.327,119.492,27.215,2001.500
140,337.904,292.371,27.392,29.963,4.775,0.014,0.000,0.014,17.632,373.551,-35.647,236.821,201.174,0.724,0.425,0.219,0.285,0.316,0.000,0.000,0.000,0.316,0.020,0.319,0.963,0.024,0.006,0.010,0.009,0.019,0.043,0.896,0.024,-0.003,0.345,125.764,0.733,2001.500
141,327.201,297.079,26.231,26.970,5.219,0.012,0.000,0.012,16.026,365.241,-38.040,240.634,202.594,0.729,0.432,0.207,0.283,0.209,0.000,0.000,0.000,0.209,0.008,0.213,0.671,0.011,0.001,0.004,0.006,0.008,0.017,0.612,0.010,-0.005,0.286,104.466,22.849,2001.500
142,330.500,296.113,26.547,27.588,5.308,0.013,0.000,0.013,16.428,367.316,-36.816,239.852,203.035,0.731,0.437,0.211,0.285,0.253,0.000,0.000,0.000,0.253,0.010,0.256,0.716,0.013,0.002,0.005,0.006,0.011,0.022,0.610,0.012,-0.003,0.306,111.843,13.949,2001.500
143,332.067,290.687,26.641,27.526,4.470,0.016,0.000,0.016,16.643,368.543,-36.476,235.456,198.981,0.716,0.413,0.212,0.279,0.217,0.000,0.000,0.000,0.217,0.009,0.222,0.641,0.012,0.002,0.004,0.006,0.010,0.018,0.625,0.011,-0.005,0.377,137.645,52.512,2001.500
144,332.890,293.403,26.700,28.180,4.796,0.015,0.000,0.015,16.762,369.079,-36.189,237.657,201.467,0.725,0.423,0.212,0.283,0.259,0.000,0.000,0.000,0.259,0.013,0.264,0.816,0.016,0.003,0.006,0.007,0.012,0.030,0.723,0.016,-0.006,0.364,132.821,30.573,2001.500
145,323.379,295.283,25.515,26.585,4.986,0.013,0.000,0.013,15.350,361.918,-38.539,239.179,200.640,0.722,0.417,0.200,0.278,0.302,0.000,0.000,0.000,0.302,0.010,0.314,0.867,0.014,0.001,0.005,0.009,0.010,0.022,0.855,0.013,-0.012,0.323,117.939,-1.505,2001.500
146,328.061,291.763,26.040,26.940,4.584,0.016,0.000,0.016,15.996,365.371,-37.310,236.328,199.018,0.716,0.411,0.206,0.277,0.217,0.000,0.000,0.000,0.217,0.009,0.222,0.641,0.012,0.002,0.004,0.006,0.010,0.018,0.625,0.011,-0.005,0.382,139.345,54.212,2001.500
147,314.223,293.555,24.245,24.823,4.035,0.016,0.000,0.016,14.044,355.344,-41.121,237.780,196.659,0.708,0.379,0.188,0.268,0.313,0.000,0.000,0.000,0.313,0.025,0.307,0.962,0.030,0.011,0.008,0.011,0.020,0.039,1.092,0.030,0.006,0.395,144.348,21.427,2001.500
148,312.830,294.630,24.084,24.784,4.103,0.016,0.000,0.016,13.856,354.408,-41.578,238.650,197.072,0.709,0.380,0.186,0.268,0.229,0.000,0.000,0.000,0.229,0.010,0.234,0.704,0.014,0.003,0.004,0.007,0.008,0.017,0.702,0.014,-0.005,0.389,142.166,51.880,2001.500
149,337.152,293.134,26.788,37.478,5.538,0.010,0.000,0.010,18.000,375.131,-37.979,237.438,199.459,0.718,0.416,0.210,0.280,0.127,0.000,0.000,0.000,0.127,0.004,0.137,0.361,0.007,0.000,0.003,0.005,0.004,0.012,0.454,0.007,-0.010,0.251,91.774,39.137,2001.500
150,303.454,291.123,21.997,26.217,3.915,0.030,0.000,0.030,12.108,345.969,-42.514,235.809,193.295,0.696,0.357,0.170,0.255,0.984,0.005,0.016,0.007,0.991,0.138,0.950,3.607,0.155,0.038,0.075,0.042,0.122,0.311,4.118,0.155,0.035,0.713,260.090,-143.220,2001.500
151,294.255,292.711,20.339,27.725,3.690,0.035,0.000,0.035,10.522,338.406,-44.151,237.096,192.945,0.695,0.331,0.156,0.248,1.333,0.222,21.388,1.135,2.469,0.975,1.633,9.186,0.982,0.571,0.364,0.047,0.617,1.469,4.622,0.983,-0.299,0.838,305.995,-648.782,2001.500
152,301.425,289.980,21.510,26.911,3.825,0.032,0.000,0.032,11.745,344.238,-42.813,234.884,192.071,0.691,0.347,0.166,0.252,0.960,0.007,0.035,0.014,0.974,0.139,0.928,3.709,0.154,0.041,0.072,0.041,0.117,0.301,4.041,0.154,0.032,0.760,277.247,-117.770,2001.500
153,284.454,290.951,18.120,30.482,3.783,0.040,0.000,0.039,8.662,329.720,-45.266,235.670,190.405,0.685,0.303,0.139,0.236,1.166,0.041,1.973,0.219,1.385,0.330,1.191,5.325,0.350,0.155,0.147,0.047,0.247,0.600,4.697,0.351,-0.025,0.955,348.645,-214.056,2001.500
154,298.271,290.364,20.915,27.784,3.664,0.036,0.000,0.036,11.220,341.704,-43.433,235.195,191.762,0.690,0.335,0.161,0.249,0.960,0.007,0.035,0.014,0.974,0.139,0.928,3.709,0.154,0.041,0.072,0.041,0.117,0.301,4.041,0.154,0.032,0.857,312.919,-82.098,2001.500
155,268.581,290.091,14.383,36.194,4.068,0.044,0.001,0.043,5.377,314.422,-45.841,234.974,189.132,0.681,0.261,0.112,0.218,1.166,0.041,1.973,0.219,1.385,0.330,1.191,5.325,0.350,0.155,0.147,0.047,0.247,0.600,4.697,0.351,-0.025,1.051,383.444,-179.257,2001.500
156,265.708,289.990,14.377,34.501,4.324,0.041,0.001,0.040,5.102,313.125,-47.417,234.892,187.475,0.675,0.265,0.111,0.216,1.166,0.041,1.973,0.219,1.385,0.330,1.191,5.325,0.350,0.155,0.147,0.047,0.247,0.600,4.697,0.351,-0.025,0.991,361.614,-201.087,2001.500
157,264.349,290.388,14.107,34.411,4.405,0.041,0.001,0.040,4.840,311.941,-47.592,235.214,187.623,0.675,0.263,0.110,0.215,1.166,0.041,1.973,0.219,1.385,0.330,1.191,5.325,0.350,0.155,0.147,0.047,0.247,0.600,4.697,0.351,-0.025,0.985,359.436,-203.266,2001.500
158,262.065,290.907,13.695,34.835,4.618,0.040,0.001,0.039,4.443,310.141,-48.076,235.634,187.558,0.675,0.262,0.107,0.214,0.759,0.035,1.834,0.176,0.935,0.113,0.900,3.359,0.117,0.032,0.054,0.031,0.094,0.230,3.033,0.118,-0.141,0.966,352.434,-19.115,2001.500
159,264.017,290.165,13.750,35.926,4.488,0.042,0.001,0.041,4.668,311.171,-47.154,235.034,187.880,0.676,0.259,0.108,0.214,1.094,0.245,21.945,1.150,2.244,0.881,1.491,8.745,0.886,0.502,0.341,0.043,0.555,1.375,4.287,0.887,-0.398,1.005,366.678,-501.239,2001.500
160,326.549,295.062,26.929,19.197,5.281,0.006,0.000,0.006,16.010,365.255,-38.706,239.000,200.294,0.721,0.463,0.218,0.282,0.084,0.000,0.000,0.000,0.084,0.001,0.089,0.225,0.002,0.000,0.000,0.001,0.001,0.001,0.138,0.001,-0.004,0.155,56.520,23.711,2001.500
161,321.927,296.437,26.262,19.669,5.061,0.009,0.000,0.009,15.332,361.875,-39.948,240.114,200.166,0.721,0.449,0.211,0.279,0.283,0.000,0.000,0.000,0.283,0.008,0.303,0.811,0.013,0.000,0.004,0.009,0.008,0.020,0.860,0.013,-0.021,0.215,78.316,-37.058,2001.500
162,326.206,297.908,26.912,21.523,5.080,0.008,0.000,0.008,16.160,365.990,-39.784,241.306,201.522,0.725,0.451,0.217,0.284,0.180,0.000,0.000,0.000,0.180,0.008,0.188,0.497,0.011,0.001,0.003,0.007,0.008,0.015,0.652,0.011,-0.008,0.201,73.530,0.696,2001.500
163,327.917,297.000,27.299,20.190,5.131,0.007,0.000,0.007,16.375,367.071,-39.154,240.570,201.415,0.725,0.463,0.221,0.285,0.129,0.000,0.000,0.000,0.129,0.005,0.131,0.354,0.007,0.001,0.002,0.004,0.005,0.010,0.383,0.006,-0.002,0.178,65.096,14.862,2001.500
164,323.463,292.867,26.442,19.887,4.919,0.008,0.000,0.008,15.620,363.318,-39.855,237.223,197.367,0.711,0.444,0.213,0.276,0.301,0.000,0.000,0.000,0.301,0.013,0.311,0.913,0.019,0.003,0.005,0.011,0.011,0.025,1.083,0.018,-0.010,0.188,68.566,-51.711,2001.500
165,318.307,293.988,25.411,21.896,4.684,0.010,0.000,0.010,14.778,359.079,-40.772,238.130,197.358,0.710,0.420,0.202,0.273,0.311,0.000,0.000,0.000,0.311,0.015,0.319,0.973,0.021,0.004,0.006,0.011,0.013,0.029,1.126,0.021,-0.008,0.252,91.930,-32.142,2001.500
166,316.258,296.405,25.257,20.475,4.578,0.011,0.000,0.011,14.519,357.816,-41.557,240.088,198.531,0.715,0.418,0.200,0.274,0.206,0.000,0.000,0.000,0.206,0.004,0.227,0.609,0.008,0.000,0.002,0.006,0.004,0.009,0.619,0.007,-0.020,0.270,98.692,13.364,2001.500
167,329.543,298.361,27.850,18.688,4.978,0.007,0.000,0.007,16.895,369.752,-40.210,241.673,201.463,0.725,0.467,0.227,0.287,0.180,0.000,0.000,0.000,0.180,0.008,0.188,0.497,0.011,0.001,0.003,0.007,0.008,0.015,0.652,0.011,-0.008,0.170,61.920,-10.914,2001.500
168,312.715,289.347,23.838,22.487,4.506,0.011,0.000,0.011,13.572,353.157,-40.442,234.371,193.929,0.698,0.391,0.187,0.262,0.259,0.002,0.004,0.004,0.262,0.008,0.281,0.837,0.015,0.000,0.005,0.010,0.008,0.021,0.985,0.015,-0.023,0.276,100.659,-7.253,2001.500
169,323.859,293.635,26.110,20.250,5.212,0.007,0.000,0.007,15.265,361.472,-37.613,237.845,200.231,0.721,0.447,0.209,0.279,0.091,0.000,0.000,0.000,0.091,0.001,0.101,0.254,0.003,0.000,0.000,0.002,0.001,0.002,0.212,0.002,-0.009,0.161,58.791,21.423,2001.500
170,332.840,299.204,28.472,18.248,5.046,0.006,0.000,0.006,17.491,372.753,-39.913,242.356,202.443,0.729,0.478,0.234,0.290,0.180,0.000,0.000,0.000,0.180,0.008,0.188,0.497,0.011,0.001,0.003,0.007,0.008,0.015,0.652,0.011,-0.008,0.148,53.912,-18.923,2001.500
171,318.680,296.389,25.840,20.664,3.964,0.012,0.000,0.012,15.354,362.083,-43.403,240.075,196.672,0.708,0.401,0.206,0.273,0.172,0.000,0.000,0.000,0.172,0.004,0.189,0.499,0.008,0.000,0.002,0.006,0.004,0.011,0.617,0.008,-0.017,0.285,104.207,32.360,2001.500
172,321.217,299.972,26.484,20.461,4.157,0.010,0.000,0.010,15.930,364.953,-43.736,242.977,199.241,0.717,0.418,0.212,0.279,0.180,0.000,0.000,0.000,0.180,0.008,0.188,0.497,0.011,0.001,0.003,0.007,0.008,0.015,0.652,0.011,-0.008,0.231,84.385,11.551,2001.500
173,324.506,299.130,27.013,20.424,4.498,0.009,0.000,0.009,16.373,367.125,-42.618,242.295,199.677,0.719,0.434,0.218,0.281,0.180,0.000,0.000,0.000,0.180,0.008,0.188,0.497,0.011,0.001,0.003,0.007,0.008,0.015,0.652,0.011,-0.008,0.206,75.297,2.463,2001.500
174,300.206,292.798,21.088,25.470,3.771,0.018,0.000,0.018,11.538,343.122,-42.916,237.166,194.251,0.699,0.334,0.160,0.252,0.259,0.002,0.004,0.004,0.262,0.008,0.281,0.837,0.015,0.000,0.005,0.010,0.008,0.021,0.985,0.015,-0.023,0.430,156.854,48.943,2001.500
175,303.659,290.255,21.486,24.879,4.477,0.015,0.000,0.015,11.814,344.528,-40.869,235.106,194.238,0.699,0.358,0.165,0.254,0.368,0.004,0.010,0.004,0.372,0.014,0.385,1.084,0.018,0.001,0.006,0.011,0.013,0.029,1.122,0.018,-0.017,0.363,132.669,-14.380,2001.500
176,320.317,297.781,25.309,25.815,5.085,0.011,0.000,0.011,14.948,359.788,-39.471,241.203,201.732,0.726,0.418,0.198,0.279,0.144,0.000,0.000,0.000,0.144,0.003,0.154,0.440,0.006,0.000,0.002,0.005,0.003,0.008,0.480,0.006,-0.010,0.268,97.771,39.388,2001.500
177,314.786,295.773,24.475,25.072,4.687,0.013,0.000,0.013,14.124,355.707,-40.922,239.576,198.655,0.715,0.399,0.190,0.271,0.311,0.000,0.000,0.000,0.311,0.015,0.319,0.973,0.021,0.004,0.006,0.011,0.013,0.029,1.126,0.021,-0.008,0.309,112.884,-11.188,2001.500
178,319.418,299.336,25.195,26.165,5.406,0.011,0.000,0.011,14.877,359.415,-39.997,242.462,202.465,0.729,0.425,0.197,0.279,0.144,0.000,0.000,0.000,0.144,0.003,0.154,0.440,0.006,0.000,0.002,0.005,0.003,0.008,0.480,0.006,-0.010,0.262,95.522,37.139,2001.500
179,321.433,297.955,25.519,25.700,5.083,0.011,0.000,0.011,15.126,360.673,-39.239,241.343,202.104,0.728,0.421,0.200,0.280,0.253,0.000,0.000,0.000,0.253,0.010,0.256,0.716,0.013,0.002,0.005,0.006,0.011,0.022,0.610,0.012,-0.003,0.258,94.282,-3.613,2001.500
180,308.453,300.767,24.169,22.227,3.694,0.014,0.000,0.014,13.761,354.216,-45.764,243.621,197.857,0.712,0.373,0.190,0.269,0.172,0.000,0.000,0.000,0.172,0.004,0.189,0.499,0.008,0.000,0.002,0.006,0.004,0.011,0.617,0.008,-0.017,0.331,120.878,49.030,2001.500
181,299.101,299.223,22.323,23.447,3.697,0.018,0.000,0.018,11.933,345.356,-46.256,242.370,196.114,0.706,0.353,0.174,0.259,0.206,0.000,0.000,0.000,0.206,0.005,0.226,0.619,0.010,0.000,0.002,0.008,0.005,0.011,0.799,0.010,-0.021,0.435,158.770,72.524,2001.500
182,319.563,298.591,25.232,25.803,5.140,0.011,0.000,0.011,14.868,359.390,-39.827,241.859,202.031,0.727,0.419,0.198,0.279,0.229,0.000,0.000,0.000,0.229,0.010,0.234,0.690,0.013,0.002,0.005,0.006,0.011,0.025,0.603,0.012,-0.005,0.265,96.821,6.818,2001.500
183,321.751,299.603,25.531,26.456,5.504,0.011,0.000,0.011,15.233,361.184,-39.433,242.678,203.245,0.732,0.431,0.200,0.281,0.175,0.000,0.000,0.000,0.175,0.003,0.177,0.437,0.004,0.000,0.001,0.003,0.003,0.006,0.307,0.003,-0.002,0.259,94.353,28.343,2001.500
184,320.342,299.805,25.361,26.322,5.525,0.011,0.000,0.011,15.045,360.246,-39.904,242.842,202.939,0.731,0.430,0.199,0.280,0.204,0.000,0.000,0.000,0.204,0.005,0.208,0.531,0.006,0.000,0.002,0.004,0.005,0.010,0.390,0.005,-0.003,0.258,94.316,16.624,2001.500
185,310.260,301.134,23.912,24.619,4.640,0.012,0.000,0.012,13.507,352.654,-42.394,243.918,201.524,0.725,0.395,0.185,0.273,0.209,0.000,0.000,0.000,0.209,0.008,0.213,0.671,0.011,0.001,0.004,0.006,0.008,0.017,0.612,0.010,-0.005,0.291,106.351,24.734,2001.500
186,304.768,293.883,22.851,24.461,3.960,0.015,0.000,0.015,12.676,348.593,-43.824,238.045,194.221,0.699,0.361,0.175,0.259,0.311,0.000,0.000,0.000,0.311,0.015,0.319,0.973,0.021,0.004,0.006,0.011,0.013,0.029,1.126,0.021,-0.008,0.367,133.778,9.706,2001.500
187,306.381,294.313,23.240,24.367,4.017,0.015,0.000,0.015,12.967,350.002,-43.621,238.393,194.773,0.701,0.367,0.178,0.262,0.311,0.000,0.000,0.000,0.311,0.015,0.319,0.973,0.021,0.004,0.006,0.011,0.013,0.029,1.126,0.021,-0.008,0.365,133.305,9.233,2001.500
188,301.416,301.112,22.529,24.117,3.936,0.015,0.000,0.015,12.147,346.039,-44.623,243.901,199.277,0.717,0.362,0.172,0.265,0.173,0.000,0.000,0.000,0.173,0.005,0.173,0.453,0.006,0.001,0.002,0.004,0.005,0.011,0.355,0.006,-0.001,0.362,132.254,66.907,2001.500
189,303.335,301.610,22.884,23.932,3.858,0.015,0.000,0.015,12.494,347.720,-44.386,244.304,199.918,0.720,0.364,0.175,0.267,0.173,0.000,0.000,0.000,0.173,0.005,0.173,0.453,0.006,0.001,0.002,0.004,0.005,0.011,0.355,0.006,-0.001,0.350,127.570,62.223,2001.500
190,314.142,294.970,24.852,20.889,4.089,0.012,0.000,0.012,14.253,356.445,-42.304,238.926,196.622,0.708,0.394,0.196,0.270,0.206,0.000,0.000,0.000,0.206,0.004,0.227,0.609,0.008,0.000,0.002,0.006,0.004,0.009,0.619,0.007,-0.020,0.284,103.683,18.354,2001.500
191,312.210,297.963,24.753,21.366,4.013,0.013,0.000,0.013,14.111,355.751,-43.541,241.350,197.809,0.712,0.392,0.195,0.271,0.206,0.000,0.000,0.000,0.206,0.005,0.226,0.619,0.010,0.000,0.002,0.008,0.005,0.011,0.799,0.010,-0.021,0.313,114.097,27.851,2001.500
192,309.968,295.894,24.076,22.249,4.158,0.015,0.000,0.015,13.530,352.872,-42.903,239.674,196.771,0.708,0.389,0.188,0.267,0.270,0.000,0.000,0.000,0.270,0.011,0.288,0.821,0.016,0.001,0.005,0.011,0.011,0.024,1.053,0.016,-0.018,0.364,132.881,21.773,2001.500
193,302.751,294.245,22.158,25.319,4.015,0.025,0.000,0.025,12.069,345.799,-43.048,238.339,195.291,0.703,0.363,0.171,0.258,0.270,0.000,0.000,0.000,0.270,0.011,0.288,0.821,0.016,0.001,0.005,0.011,0.011,0.024,1.053,0.016,-0.018,0.606,221.178,110.070,2001.500
194,294.903,296.394,21.169,25.458,3.813,0.024,0.000,0.024,10.885,340.133,-45.230,240.079,194.849,0.701,0.345,0.163,0.254,0.206,0.000,0.000,0.000,0.206,0.005,0.226,0.619,0.010,0.000,0.002,0.008,0.005,0.011,0.799,0.010,-0.021,0.578,210.941,124.695,2001.500
195,286.147,296.731,19.382,27.350,3.245,0.029,0.000,0.029,9.428,333.063,-46.916,240.352,193.436,0.696,0.308,0.147,0.245,0.615,0.000,0.000,0.000,0.615,0.070,0.623,2.244,0.087,0.017,0.040,0.030,0.062,0.168,3.001,0.087,-0.008,0.706,257.794,-1.471,2001.500
196,278.943,291.934,17.325,30.481,3.628,0.037,0.001,0.036,7.757,325.384,-46.440,236.467,190.027,0.684,0.289,0.132,0.232,1.166,0.041,1.973,0.219,1.385,0.330,1.191,5.325,0.350,0.155,0.147,0.047,0.247,0.600,4.697,0.351,-0.025,0.882,321.869,-240.832,2001.500
197,281.378,298.261,18.815,27.190,3.400,0.028,0.000,0.028,8.748,329.849,-48.471,241.591,193.120,0.695,0.305,0.142,0.242,0.615,0.000,0.000,0.000,0.615,0.070,0.623,2.244,0.087,0.017,0.040,0.030,0.062,0.168,3.001,0.087,-0.008,0.675,246.196,-13.069,2001.500
198,277.767,297.122,17.868,28.159,3.539,0.030,0.000,0.029,7.964,326.218,-48.451,240.669,192.218,0.692,0.297,0.135,0.237,0.358,0.000,0.000,0.000,0.358,0.019,0.379,1.137,0.028,0.003,0.010,0.015,0.020,0.045,1.516,0.027,-0.020,0.712,259.744,111.537,2001.500
199,332.470,292.147,26.385,22.037,5.238,0.007,0.000,0.007,16.147,365.969,-33.499,236.639,203.140,0.731,0.450,0.213,0.284,0.116,0.000,0.000,0.000,0.116,0.002,0.123,0.317,0.003,0.000,0.000,0.002,0.002,0.003,0.243,0.002,-0.007,0.165,60.213,14.656,2001.500
200,331.423,292.213,26.458,22.364,4.970,0.006,0.000,0.006,16.036,365.408,-33.985,236.692,202.707,0.730,0.441,0.213,0.284,0.116,0.000,0.000,0.000,0.116,0.002,0.123,0.317,0.003,0.000,0.000,0.002,0.002,0.003,0.243,0.002,-0.007,0.139,50.642,5.086,2001.500
201,324.852,293.126,25.537,21.637,5.242,0.009,0.000,0.009,-inf,360.694,-35.843,237.432,201.589,0.726,0.442,0.204,0.279,0.213,0.000,0.000,0.000,0.213,0.005,0.227,0.603,0.008,0.000,0.001,0.006,0.005,0.009,0.642,0.007,-0.014,0.223,81.333,-4.033,2001.500
202,325.357,292.849,25.629,22.096,5.110,0.007,0.000,0.007,15.101,360.693,-35.336,237.208,201.872,0.727,0.436,0.205,0.280,0.152,0.000,0.000,0.000,0.152,0.003,0.166,0.433,0.005,0.000,0.001,0.004,0.003,0.005,0.414,0.004,-0.014,0.175,63.828,1.559,2001.500
203,331.761,292.121,26.373,22.176,5.129,0.006,0.000,0.006,16.064,365.550,-33.789,236.618,202.828,0.730,0.445,0.212,0.284,0.172,0.000,0.000,0.000,0.172,0.006,0.181,0.486,0.007,0.000,0.003,0.004,0.006,0.012,0.410,0.006,-0.009,0.154,56.199,-11.910,2001.500
204,326.120,292.507,25.766,22.209,5.058,0.007,0.000,0.007,15.214,361.256,-35.136,236.930,201.795,0.726,0.435,0.206,0.280,0.116,0.000,0.000,0.000,0.116,0.002,0.123,0.317,0.003,0.000,0.000,0.002,0.002,0.003,0.243,0.002,-0.007,0.162,58.964,13.407,2001.500
205,320.369,290.241,24.689,22.623,4.834,0.009,0.000,0.009,14.293,356.680,-36.311,235.095,198.785,0.716,0.414,0.195,0.272,0.376,0.003,0.006,0.003,0.379,0.020,0.388,1.255,0.024,0.001,0.010,0.013,0.020,0.046,1.291,0.023,-0.012,0.208,75.789,-74.262,2001.500
206,319.425,289.249,23.884,23.953,4.780,0.012,0.000,0.011,14.090,355.805,-36.380,234.292,197.912,0.712,0.400,0.188,0.268,0.330,0.002,0.004,0.002,0.332,0.015,0.340,1.073,0.018,0.001,0.008,0.009,0.015,0.035,0.903,0.017,-0.010,0.277,101.057,-29.270,2001.500
207,307.026,296.225,23.629,22.380,3.793,0.016,0.000,0.016,13.143,351.105,-44.079,239.942,195.863,0.705,0.371,0.185,0.264,0.206,0.000,0.000,0.000,0.206,0.005,0.226,0.619,0.010,0.000,0.002,0.008,0.005,0.011,0.799,0.010,-0.021,0.386,140.870,54.623,2001.500
208,314.060,294.067,23.873,22.096,4.905,0.012,0.000,0.012,13.380,352.117,-38.056,238.194,200.138,0.720,0.409,0.186,0.271,0.170,0.000,0.000,0.000,0.170,0.003,0.187,0.501,0.006,0.000,0.001,0.005,0.003,0.005,0.515,0.005,-0.016,0.279,101.796,31.707,2001.500
209,334.637,296.081,27.417,27.015,4.990,0.012,0.000,0.012,17.392,372.271,-37.635,239.826,202.191,0.728,0.440,0.220,0.287,0.243,0.000,0.000,0.000,0.243,0.010,0.247,0.729,0.013,0.002,0.005,0.007,0.011,0.024,0.675,0.013,-0.004,0.294,107.190,12.448,2001.500
210,323.152,294.771,26.024,20.139,5.264,0.007,0.000,0.007,15.247,361.413,-38.260,238.764,200.504,0.722,0.449,0.208,0.279,0.091,0.000,0.000,0.000,0.091,0.001,0.101,0.254,0.003,0.000,0.000,0.002,0.001,0.002,0.212,0.002,-0.009,0.175,63.832,26.464,2001.500
211,276.048,290.816,16.963,29.951,3.534,0.035,0.001,0.035,7.303,323.198,-47.150,235.561,188.411,0.678,0.283,0.129,0.229,0.630,0.125,8.570,0.612,1.242,0.303,1.024,4.813,0.300,0.128,0.143,0.029,0.217,0.581,2.881,0.300,-0.394,0.848,309.587,-173.695,2001.500
212,318.692,294.031,24.727,21.749,5.059,0.010,0.000,0.010,-inf,355.964,-37.272,238.165,200.893,0.723,0.426,0.195,0.275,0.213,0.000,0.000,0.000,0.213,0.005,0.227,0.603,0.008,0.000,0.001,0.006,0.005,0.009,0.642,0.007,-0.014,0.249,90.847,5.481,2001.500
213,273.544,289.540,16.584,30.126,3.620,0.035,0.001,0.034,6.896,321.356,-47.812,234.527,186.715,0.672,0.280,0.126,0.225,0.755,0.114,5.705,0.469,1.224,0.262,1.070,5.228,0.266,0.102,0.129,0.035,0.194,0.526,3.455,0.266,-0.315,0.839,306.186,-181.526,2001.500
